{
	"id": "7de60145-4de6-45f4-b169-9a27b39def0a",
	"name": "smart city",
	"values": [
		{
			"key": "Base_url",
			"value": "",
			"type": "default",
			"enabled": true
		},
		{
			"key": "port",
			"value": "3001",
			"type": "default",
			"enabled": true
		},
		{
			"key": "tokenAdmin",
			"value": "",
			"type": "default",
			"enabled": true
		},
		{
			"key": "tokenUser",
			"value": "",
			"type": "default",
			"enabled": true
		}
	],
	"_postman_variable_scope": "environment",
	"_postman_exported_at": "2022-12-23T13:56:06.386Z",
	"_postman_exported_using": "Postman/9.31.26"
}